{"cameraMode":{"drawMode":0,"name":"Shaded","section":"Shading Mode"},"sceneLighting":false,"audioPlay":false,"sceneViewState":{"showFog":true,"showMaterialUpdate":false,"showSkybox":true,"showFlares":true,"showImageEffects":true,"showParticleSystems":true},"in2DMode":false,"pivot":{"x":3.198922872543335,"y":-0.8581247329711914,"z":3.149123430252075},"rotation":{"x":-0.37576815485954287,"y":0.6137512922286987,"z":-0.41344547271728518,"w":-0.5578266978263855},"size":17.95614242553711,"orthographic":false}