{"cameraMode":{"drawMode":0,"name":"Shaded","section":"Shading Mode"},"sceneLighting":true,"audioPlay":false,"sceneViewState":{"showFog":true,"showMaterialUpdate":false,"showSkybox":true,"showFlares":true,"showImageEffects":true,"showParticleSystems":true},"in2DMode":false,"pivot":{"x":3.365601062774658,"y":0.0,"z":8.140243530273438},"rotation":{"x":-0.03914303332567215,"y":-0.5473421216011047,"z":0.025639614090323449,"w":-0.8355998396873474},"size":1.957092046737671,"orthographic":false}